Crumpets,Crumpets description
Beans & Bacon breakfast,Beans description
Plum pudding,Pudding description
Apple pie,Apple pie description
Christmas crumble,Crumble description
Food thing,Bake it at 5000 degrees celcius
Food thing,Bake it at 5000 degrees celcius
Food thing,Bake it at 5000 degrees celcius
Food thing,Bake it at 5000 degrees celcius
Food thing,Bake it at 5000 degrees celcius
Food thing,Bake it at 5000 degrees celcius
Food thing,Bake it at 5000 degrees celcius
Food thing,Bake it at 5000 degrees celcius
Food thing,Bake it at 5000 degrees celcius
Food thing,Bake it at 5000 degrees celcius
Food thing,Bake it at 5000 degrees celcius
Bifana,Meat inside a bun
Food thing,Bake it at 5000 degrees celcius
Prego,Another meat inside bun dish
